gucci gucci,"[Sample]. One big room full of bad bitches. [Hook]. And we stunting like. Gucci Gucci, Louis Louis, Fendi Fendi, Prada. Basic bitches wear that shit so I don't even bother. [Verse 1]. Gucci Gucci, Louis Louis, Fendi Fendi, Prada. The basic bitches wear that shit, so I don't even bother. I put that on my partner, I put that on my family. Oakland city represent, address me as your majesty. Yeah you can kiss the ring, but you can never touch the crown. I smoke a million Swisher blunts and I ain't never coming down. Bitch you ain't no Barbie I see you work at Arby's. Number 2, super-sized Hurry up I'm starving. Gnarly, radical, on the block I'm magical. See me at your college campus baggie full of Adderalls. Call me if you need a fix, call me if you need a boost. See them other chicken heads? They don't never leave the coop. I'm in the Coupe cruising, I got the stolen plates. Serving all the fiends over there by the Golden Gate. Bridge, I'm colder than the fridge and the freezer. I'm snatching all your bitches at my leisure. [Hook]. [Verse 2]. Gucci Gucci, Louis Louis, Fendi Fendi, Prada. I'm lookin like Madonna but I'm flossing like Ivana. Trump, you know I keep that work in my trunk. Got my hand on the pump if you wanna press your luck. I'm yelling ""Free V-Nasty"" 'til my throat is raspy. Young, rich and flashy I be where the cash be. You can't find that? I think you need a Google Map. My pearl-handled kitty-cat will leave and press your noodle back. Now Google that groupies follow me like Twitter. I'm rolling up my catnip and shitting in your litter. Why you looking bitter? I be looking better. The type of bitch that make you wish that you ain't never met her. The editor, director plus I'm my own boss. So posh, nails fierce with the gold gloss. Which means nobody getting over me. I got the swag and it's pumping out my ovaries. [Hook]. [Outro]. Oh, all you basic ass hoes out there. Man I got rooms full of bad bitches. They don't need Gucci, they don't need Louis. We swagging, ehh, meow"
wavey,"Yeah, (meow meow meow). Yeah,(meow meow meow, meow, meow meow). (Got money?) Yeah, Got money?. I got cat nip. Cause I'm a cat bitch. Choppa Kitty Boppas yeah. Mobbin helicopters. Hold up on the clip Kreayshawn I'll watch ya. You can call me Natasha. I smoke dro like a rasta. I get money like a mobsta imposter. Yeah I'm mobbin'. So I called up Flores. Cause your girls done whorin'. I snatched her, now she's scrubin on my floor. & on her hands and knees. I call her cinderella. She ?_________?. If you talkin shit she put a hole in yo umbrella. Yeah, I run the fuckin bay. Smokin on the hay we do this everyday. Me & White girl Mob yeah we camera rob. Run up on your girl. Steal her juicy charms. I don't give a fuck man I'm always armed.. Run up on my sistas & you really will be missin, Yeah. We'll put you in my trunk, the white girl trunk. The white wagon, man you don't want no funk, Yeah. & We slidin' to the east, ridin out back we real fuckin beast.. Oh, I ain't seen you there. You reppin that shit but I never seen you there. No, but I seen you at your show,. Actin like a square ass ho, no? No. I never seen you on set, man. You must be fakin oh. You can catch me on, 35th or 23rd goin crazy. From the dubs to the fake 80's. Man I'm goin' Kreayshawn. Cause I'm fuckin Kreayshawn. I'll run up in your house & kill your mom. & I'll kill your dog & I'll kill your little brother too. Man but I won't kill your cat. I'll put her in a bag & take her to my house. Put her on my couch. & Let my cat go at her. Cause my cat is a goon, yeah. She's a goon comin to you real soon. Kitty got that choppa and she don't fuck with you. She'll put one in your head & lay you on in bed. Like Ow, my cat don't play. If you got a dog then my cat will spray, yeah. Cause she got that big thang, run up on her. & it's over .. That shit is over. No more callin your dog rover. Cause no, my kitty put him in the ground. On all fours man he really layin down, oh. Yeah, I got that fuckin choppa, sittin in my pants. Oh my fuckin God, maybe I lied. I got that choppa sittin right here on my thigh. Oh, yeah I go crazy. I'm Kreayshawn babyyy"
go hard (la.la.la),"Hey, bitch. What's up. You know, I'd really like to do that but.... I don't have any fucking money. Like, I don't have any fucking money. Hey, bitch. Do you really really really wanna go hard?. Go in the crib. Steal your stepfather's credit card. And take the car, do circles in the parking lot. Scream at the top of our lungs like la la la. La la la la la la. La la la la la la. We on the la la la la la. We on the la la la la la. Hey bitch I see you working at the mall. At Forever 21 selling tanks and shawls. You wanna quit your job?. You need a place to go?. Girl run your own show but, don't be on some hoe shit. Bounce with something cute on, I kiss into a fog zone. I be really off and searching for some water though. What it do, let it go and go hard. Let me see you do it. Go hard, like real hard. Hey, bitch. Do you really really really wanna go hard. Go in the crib. Steal your stepfather's credit card. And take the car, do circles in the parking lot. Scream at the top of our lungs like la la la. La la la la la la. La la la la la la. We on the la la la la la. We on the la la la la la. Do do do do it like, do it like, do it like. Let me see you go hard, go hard, go hard. Girl you need that new. Bottles on chill I got gold chain flu. Little lady on my side, show me how you ride out. Be a good one and I'll take you to my hideout. Pretty little bitch, dripping like some water though. I'll be on that straw and comin for that lolo. What I do. Let her go. She's back now. She went real hard until she threw her back out. Hey, bitch. Do you really really really wanna go hard. Go in the crib. Steal your stepfather's credit card. And take the car, do circles in the parking lot. Scream at the top of our lungs like la la la. La la la la la la. La la la la la la. We on the la la la la la. We on the la la la la la. Silly girl, take your jacket off. Get off the floor, go hard, go hard. G-g-go hard, go hard, go hard. Damn. Do it like, do it like, do it like. Do it like, do it like, do it like. Let me see you go hard, go hard, go hard, go hard. Hey, bitch. Do you really really really wanna go hard. Go in the crib. Steal your stepfather's credit card. And take the car, do circles in the parking lot. Scream at the top of our lungs like la la la. La la la la la la. La la la la la la. We on the la la la la la. We on the la la la la la. Do it like, do it like, do it like. Do it like, do it like, do it like. Let me see you go hard, go hard, go hard, go hard. Do it like, do it like, do it like. Let me see you go hard, go hard, go hard, go hard"
hoes on my dick,"Hoes on my dick cause I look like Madonna. Hoes on my dick cause I always got the choppa. Hoes on my dick cause I'm their baby-father. Hoes on my dick cause I make her fuck her father. Oh man! Hoes on my dick. All these hoes on my dick. There's all these reasons why... Hoes on my dick cause I look like Madonna. Hoes on my dick cause I always got the cheddar. Hoes on my dick cause I'm their baby-father. Hoes on my dick cause I make her fuck em proper. Hoes on my dick cause I'm based and astounding. Hoes on my dick every time that I'm rhyming. Hoes on my dick, I be smoking purple. Hoes on my dick and I think I'm Steve Urkel. Hoes on my dick cause I'm a Ninja Turtle. Hoes on my dick cause I get em wet like Turtle. Hoes on my dick, but I really don't got one. Hoes on my dick, but I really don't got one. Hoes on my dick, but I really don't got one. I don't really know what the fuck this is about... Hoes on my dick cause I look like a lesbian. Hoes on my dick cause I never been ?. Hoes on my dick cause Will Ferrell's my uncle. Hoes on my dick cause I ?. Hoes on my dick cause I look like Jesus. Hoes on my dick cause I love the fuckin beaver. Hoes on my dick cause I do just like whatever. Hoes on my dick cause I'm ballin on these hoes. Hoes on my dick all the time and every second. Taking me to Heaven cause I'm lighter than a feather. You get em wet, but I get em wetter. These hoes on my dick, and I ain't even got one. These hoes on my dick, and I ain't even got one. These hoes on my dick, and I ain't even got one. Hoes on my dick while I be sippin ?. Hoes on my dick, pour hot sauce on my clothes. Hoes on my dick cause I look like a kitty. Hoes on my dick cause my name on their titty. Hoes on my clit, yeah they riding. Hoes on my dick, tell me secrets, they confiding. Hoes on my dick when I go to Japan. Hoes on my dick after I shook their hand. Hoes on my dick while I be rockin Gucci. Hoes on my dick while my sister rockin Coogie. Hoes on my dick, won't leave me alone. Hoes on my dick cause I'm always on the phone. Yeah, these hoes always on my dick.."
left ey3,"[Hook: Kreayshawn]. Caught my man cheating on me. Rolling through the west side. 'Bout to burn this fucking house down. Like I'm left eye. Like I'm left eye. 'Bout to burn this motherfucker down like I'm Left Eye. Heard my man is cheating with another bitch at my house. Now I'm going to make a scene like Amy Winehouse!. Amy Winehouse. Amy Winehouse. 'Bout to burn this motherfucker down like Amy Winehouse!. [Verse 1:]. I don't need no TLC. I just need some THC. Higher than miss Courtney Love. Murder in the first degree. Certainly you got me confused with them stupid broads. Shooting dice in the streets taught me how to play the odds. I find it odd that your twitter page is private. You got two phones, one of them stays silent. Now who the fuck is calling in the middle of the night?. They hang up the phone when I pick up, bout to grab my knife. You trynna play me like a boss. But you're faker than Rick Ross. When you fall asleep I'm 'bout to cut your fuckin' dick off. I'm about to call my goons and stick you for you guap. You tell a lot of lies but I let my bullets talk. You think you slick?. But this might be your big regret. Them pictures of your skinny dick is gonna hit the internet. I should key your car but I'd rather slap your mom. Only a bitch can give birth to such a fucking dog. [Hook]. [Verse 2:]. I'm about to run up in this bitch with choppas like I'm Patty Hearst. Stylish but violent, I'll leave you in a tinted hearse. In my purse I got that.22 to get the job done. And V-nasty whips the ghetto way, you know how I mob son!. I'm Lorena Bobbitt chillin' in your bed. I'm Britney Spears on Hella drugs and I just shaved my head. Fuck the feds and the police. Ain't nobody touchin' me. Thelma and Louise. Suicide girl thuggery!. [Hook]. Rest In Peace Amy!"
bff (bestfriend),"Hey!! You wanna be my best friend?. I'm always lookin' for new friends!. Hey, we can be bestest friends. We don't even have to pretend. I know you have my back through everything.. Yeah, you know Im gonna have yours too. Even if its just me and you. Without the crew together we're still mobbin'. Cause I really wanna be your friend. And we don't even have to hold hands. We can just hang out and do whatever. You like, yeah.. We can even go to the movies, ride around. And smoke a couple of doobies. Or we can just hang out and do whatever you like.. Yeah! Yeah! YEah!. Hey, remember those notes we passed?. I kept 'em in a crystal glass. So everytime I need a memory, I look back. All those special times, no one can take them. And if I met someone else we can never remake them.. 'Cause I really wanna be your friend. And we don't even have to hold hands. We can just hang out and do whatever. You like, yeah.. We can even go to the movies, ride around. And smoke a couple of doobies. Or we can just hang out and do whatever you like.. Yeah, I think your parents hate me. But you're still my best friend baby. I-I-I'ma bad girl, and you like that. And you know that I can't hide that. All those letters that we've passed, kept 'em in a crystal glass. I can always look back to the past. And remember those times that we had.. All I want is a trill one.. All I want is a trill one.. 'Cause I really wanna be your friend. And we don't even have to hold hands. We can just hang out and do whatever. You like, yeah.. We can even go to the movies, ride around. And smoke a couple of doobies. Or we can just hang out and do whatever you like"
bff (bestfriend),"Hey!! You wanna be my best friend?. I'm always lookin' for new friends!. Hey, we can be bestest friends. We don't even have to pretend. I know you have my back through everything.. Yeah, you know Im gonna have yours too. Even if its just me and you. Without the crew together we're still mobbin'. Cause I really wanna be your friend. And we don't even have to hold hands. We can just hang out and do whatever. You like, yeah.. We can even go to the movies, ride around. And smoke a couple of doobies. Or we can just hang out and do whatever you like.. Yeah! Yeah! YEah!. Hey, remember those notes we passed?. I kept 'em in a crystal glass. So everytime I need a memory, I look back. All those special times, no one can take them. And if I met someone else we can never remake them.. 'Cause I really wanna be your friend. And we don't even have to hold hands. We can just hang out and do whatever. You like, yeah.. We can even go to the movies, ride around. And smoke a couple of doobies. Or we can just hang out and do whatever you like.. Yeah, I think your parents hate me. But you're still my best friend baby. I-I-I'ma bad girl, and you like that. And you know that I can't hide that. All those letters that we've passed, kept 'em in a crystal glass. I can always look back to the past. And remember those times that we had.. All I want is a trill one.. All I want is a trill one.. 'Cause I really wanna be your friend. And we don't even have to hold hands. We can just hang out and do whatever. You like, yeah.. We can even go to the movies, ride around. And smoke a couple of doobies. Or we can just hang out and do whatever you like"
blasé blasé,"Hey ladies, get gassin'. I'ma gas like the cops ain't comin'. Top down, music loud, who's talkin'?. Can't hear haters, blasé blasé. Go crazy, get money. I do my dance like no one saw me. Goin' down like no one taught me. Can't hear haters, blasé blasé. Ooh bitch, I'm here and I'm back on. If you thought my first, was my last song,. Face the fact, man, you couldn't be more wrong. I'm takin' shots from the top like I'm King Kong. Gassed out with my hair all slicked back. Got more bitches than a pimp named slick back. She ain't breathin or she bout to have a asthma attack. She on the dro and she couldn't even handle that!. Lay back, you're coughin' up a lung or two. Man, I can't explain what this gas might do to you. Your crew and you, yeah, I know it's new to you. Come through, I can teach you a thing or two. Hey ladies, get gassin'. I'ma gas like the cops ain't comin'. Top down, music loud, who's talkin'?. Can't hear haters, blasé blasé. Go crazy, get money. I do my dance like no one saw me. Goin' down like no one taught me. Can't hear haters, blasé blasé. She told me I'm the flyest she ever met. That's weird cause she ain't even grown yet. Moet moet, we pop off. She in the bathroom tryna take her top off!. One eight seven two eleven, we do numbers. They say, ""Kreayshawn killed the whole damn summer"". What a bummer, it's sad for you hatin' bitches. Better watch your change from my dress coat switches. In my business, girl I welcome you. Wanna be my best friend? Girl, you gotta show and prove. What's it do? We mobbin' on a Saturday. Fuck the 1st, everyday we be gettin' paid!. Hey ladies, get gassin'. I'ma gas like the cops ain't comin'. Top down, music loud, who's talkin'?. Can't hear haters, blasé blasé. Go crazy, get money. I do my dance like no one saw me. Goin' down like no one taught me. Can't hear haters, blasé blasé. Yes, I'm beautiful and gorgeous. No, you can't afford this. You're drivin' in a Ford, bitch. Glorious, my whole crew iced out. We melt flames, them other bitches bow down. It's time now, she said to bring the gas out. I brought it to the front lawn. And burned the whole house down. Mo money, mo money, I spend it right!. Them dudes lame, they're tryna come spend the night. I'm out here in the sky like a star hoe. You on the floor tryna pay up a car note. Real shit don't harm me, I'm never fake. I'm in the 90's, you can call me Ricki Lake. Ricki Lake, Ricki Lake. Hey ladies, get gassin'. I'ma gas like the cops ain't comin'. Top down, music loud, who's talkin'?. Can't hear haters, blasé blasé. Go crazy, get money. I do my dance like no one saw me. Goin' down like no one taught me. Can't hear haters, blasé blasé. Get money, get money. Get money, get money. I do my dance like no one saw me. Get money, get money. Get money, get money. I do my dance like no one saw me. Can't hear haters, blasé blasé. Hey ladies, get gassin'. I'ma gas like the cops ain't comin'. Top down, music loud, who's talkin'?. Can't hear haters, blasé blasé. Go crazy, get money. I do my dance like no one saw me. Goin' down like no one taught me. Can't hear haters, blasé blasé. . POR : EDu..."
booty poppin,"[Intro:]. 'Hey Kreayshawn. I was at this party. And I made a new dance. Here I'll show you! '. 'Oh damn girl! OOOh shit girl!. OOOOOOOOOh damn. I think you made that booty pop'. [Verse:]. Booty poppin' on the floor. Don't be shy better be her score. On the ground or on the table. Stand up make that booty stable. Like milian and dip it low. Quicky Quicky girl. While you on the pole. You ain't no ho. Girl we know. We just wanna see that bootyhole. Look at that booty like the world so round. Like ra-ra take it to the ground. Don't play dumb or will take you to the town. Where bops like you, they get turned out. So come on girl we ain't no cops. We just wanna see that booty pop. So strip girl like it's hella- tonna- hot!. In the kitchen shakin' while we cooking in the pot. Aye lil mama. You so bad. You don't pop. And it makes me sad. So come on girl and make me glad. I'll throw you out. Like a trash bag. Or like a bitch who's booty sag. And aaahhh yeeaa. Just tryna see that. That booty pop. That booty pop. Hey. Hey. That booty pop. [Outro: Sample unknown]. Yeeaah now this is a real fucking party. We all got drinks in the back. And we all gon' get fucked up. So you ready?. (Yeah!). Come on let's smoke. Get drunk, let's fuck, get loose. (Hell Yeah!). Let's smoke. Get drunk, let's fuck, get loo-oose. (Hell Yeah!). I said what you come out here for. (WE WANNA FUCK!). What you come out here for. (TO GET FUCKED UP!). Do you wanna party. (YEAH!). Do you wanna fuck. (FUCK YEAH!). Come on people. Come on and get down. Down down down down. Ok listen to this shit!. Get fly all of you..."
breakfast (syrup) (feat. 2 chainz),"[2 Chainz]. I got purple in my swisher. Purple in my car. Purple, purple in my wine clap. Purple label up. Grapes whats up. Grape, grape, grapes, whats up. Breakfast. [Kreayshawn]. Oh its kreay baby,. Oh hey, baby. I get to work you just lazy baby. I need my break now when where and how. This second right here with a couple pounds. I be town down dropping in the scraper. I've been around my world doing shows and getting paper. Need my medicine, again, again. I'm with 2 chainz with two bricks in two hands. I-i-i-i'm hungry, hungry for this money. Call me kreay? Heck no, playboy bunny. Bout that juice cheese bread breakfast. Stackin dough breakfast. I got all the syrup, i got i got all the syrup. I got all the syrup, i got i got all the syrup. Bout that juice cheese bread breakfast. Stackin dough. Eight in the morning and im up yawning. My phones almost dead cause everyone is calling. Its breakfast time and i need my apple jacks. And i need my fresh grape syrup and a money stack. We're just popping off just to kill shit. And we drink a lot til we don't feel shit. Shes in her birthday suit and shes cooking too. Yea its breakfast time but its only two. I-i-i-i'm hungry, hungry for this money. Call me kreay? Heck no, playboy bunny. Bout that juice cheese bread breakfast. Stackin' dough breakfast. I got all the syrup, i got i got all the syrup. I got all the syrup, i got i got all the syrup. Bout that juice cheese bread breakfast. Stackin' dough. [2 Chainz]. 2 chainz!, i'm up now. Smoking on that loud till the sun down. Beating on that pussy till the sun up. You don't like what we doing shut the fuck up. Me and kreay that's all i gotta say. I don see a lil nigga the money in the way. Lil wayne unquote did it from the a. When i'm in california bitch i'm try'na fornicate. If you ain't talking money ain't no need to conversate.. I-i-i-i'm hungry, hungry for this money. Call me kreay? Heck no, playboy bunny. Bout that juice cheese bread breakfast. Stackin dough breakfast. I got all the syrup, i got i got all the syrup. I got all the syrup, i got i got all the syrup. Bout that juice cheese bread breakfast. Stackin dough. abrir vídeo no playeradicionar no player"
bumpin bumpin,"[Hook:]. Bumpin' bumpin'. Dancefloor is bumpin'. [Bridge:]. Rockin' in the club catch me on an elephant. Young Kreayshawn grimey but I feel so elegant. Rockin' in the club - catch me on an elephant. Young Kreayshawn grimey but I feel so elegant. Come with me tonight, spinning inside. Take me to The City our bodies collide. I get high at Ruby Sky. 10:15 mezzanine. [Verse:]. Bumpin' bumpin' bumpin', it's 10:15. If you looking for me I'll let you know where I'll be. A swagged up chick in the VIP. Don't come around playing got that chopper on me. These clubs fulfill all my wishes. One big room full of bad bitches. The girl want me she constantly taunt me. And in my club dreams she always used to haunt me. [Hook:]. Bumpin' bumpin'. Dancefloor is bumpin'. One big room filled with bad bitches. [Bridge:]. Rockin' in the club catch me on an elephant. Young Kreayshawn grimey but I feel so elegant. Rockin' in the club catch me on an elephant. Young Kreayshawn grimey but I feel so elegant. Come with me tonight spinning inside. Take me to The City our bodies collide. I get high sky at Ruby Sky. 10:15 mezzanine. By: GossipFromTheParadise"
ch00k ch00k tare (feat. chippy nonstop),"(Kreayshawn). Yeah you bitches callin' me, better talk quick. Only pull it out, if you're smokin' on that bomb shit.. Light it up, pour it up, Asapolous,. I see you lookin hard, but you still missin' this.. Knock knock bitch, I'm commin' down the front door,. girls think they're mobbin, but theyre really just boppin whores.. Close your legs, open ears, and turn up tonight;. I've got that bomb bomb thatll have you feelin right.. (Chippy nonstop). Uhhhh, Imma turn it on with a bang, tara rum pum yeah hai tare. Give a bitch a bone take her ass home;. Free school, hit em with the bomb diggy bomb diggy.. (Kreayshawn). Privet devushka, do you have a number?. I'm tryna take you to the streets and bump it like it's summer.. Privet devushka you're sippin' on your white Russian,. I'm sippin' on my syrup, movin' slow, but I'm still rushin.. Killa team, killa squad, killa killa hoe,. just when you got it all, you always wanna get some more.. Big dreams, big bank, free b....bell,. I'm with Chippy chip, and we back outta hell.. (Chippy nonstop). Uhhhh, Imma turn it on with a bang, tara rum pum yeah hai tare. Give a bitch a bone take her ass home;. Free school, hit em with the bomb diggy bomb diggy.. din tak a nak a din it's my song. Chippy on the beat, so you know i got it goin' on.. Imma tame that best boy, put you to the test ek do theen, bitch forget about the rest.. Sippin' with the goons, yeah we sippin' and we double cup.. We boss tycoons, yeah me and Kreay we so fucked up.. tauba tauba, din taha gaya. This is the end bitch, come on say a prayer.. uhh, uhh, uhh, uhh, uhh, tara rum pum yeah hai tare. Give a bitch a bone take her ass home;. Free school, hit em with the bomb diggy bomb diggy.. (uhh 10x). Free school, hit em with the bomb diggy bomb diggy,. hit em with the bommmmmb diggy .. (hit em & uhh repeated)"
firetruck,"[Verse 1: Kreayshawn]. I'm hot [x3]. I'm so hot. I'm on fire. Got these hoes like a fireman. They up and down the pole again, we smokin' on the dro again. Don't want no fuckin' ice man, cause I'm meltin' it. I'm hotter than the lava, yeah you gotta smoke a cigarette. Before you get with it. I'm the fuckin' heater. You know you wanna eat her. That spicy señorita. No Gucci, no Louis, no Prada. But still I see you wanna. You can keep me as your daughter. [Hook: Kreayshawn]. What's that? What's up?. Someone call that fire truck. My drank, my cup, is fillin' and I can't catch up. My back, my butt. I'm movin' and I'm shakin' it. I got all these chickens clucking. Foxy's in the coop. I'm takin' it. I'm hot [x4]. [Verse 2: Kreayshawn]. I'm sippin' and spittin' on 'em. The bo got me gettin' on 'em. They trippin', I'm shittin' on 'em. Kreayshawn B on I'm poppin' off. From the chop on my block. To the thighs on my street. Got her lickin' her teeth. Her boyfriend's grabbin' this heat man. These clubs hella lame, yo. These rappers are trash, man. The games fuckin' gonejo, man. I'm bringin' it back. Fuckin' chasin' your whip. Leave your wife 'n some shit. And I'm gonna get thunder. They ain't pulling me under. [Hook: Kreayshawn]. [Verse 3: Hollywood Holt]. Ha, Hollywood!. Somebody call the firetruck. I'm lighting live like wire struck. Carpets and apartments. Don't get started cause I'm live as fuck. I've started an arsenal on these whack rappers. That's why they suck. Set flame to those lame ho niggas that stir the grease. So do not try your luck. I'm H-O double L, Y, nigga. Don't be mad cause I'm fly, nigga. See through you hoes like fishnet. So you better dipset or you might die, nigga. Shy guy that's why I try in my life. Sellin' records, showin' that I'm bigger. I will get to kickin' your bitch ass. Quick fast, like whip lash. If you fuck with my niggas. That's dro and biz. I drinks, I blaze. Kreayshawn she wiz, mad hard, and steeze"
foolin & manuverin,"[Verse 1: Young Hawaii Slim]. Young Hawaii Slim. Step through the do'. Lit up a swish. And yes I sco'. On the dance flo'. Dancing and moving. Bobbing with something cute. And if you hate, please do it. Movin', manuverin' like a quarter back. Tryna live laugh if it's expensive, I'm a order that. Across the border strapped. Nahh, Smokin fat. With my Russian. Compadre. Y.H. iss got all his game from his madre. Like it's birthday or Christmas time. I'm tryna trap the stack,. to see one hundred g's. even if it's from quarters nicks and dimes nigga in the nick of time. I'll be gettin it all. Money sure doesnt sleep neither does this song. I'm loaded with kreayshawn. and the ruski kush master smokin. on the top floor on this dutch master. [Verse 2: Kreayshawn]. Step in the party in the weekend on the ay. All the chickens holla, man they tryna get laid. But me I'm gettin paidd in miami shadeee. Snuggly til I fade. Man I'm livin greatt. You might see me poppin up so get familiar. Young kreayshawn knockin at yaa door you better answer. I'm spreading like cancer and I'm swoopin on ya chick. And now she's on me like a fly on shit. But I don't give a shit. I'm walkin with my main bitch. And she roll a blunt quick. Lookin like a chopstick. And I'm just high. Like every single time. Slidin through with the kush. Smokin out some guy. And now I'm always on time. My swag is never late. I know these girls hate. But I blow them hoes out like candles on my birthday cake. Never been a barbie man I've never been fake. Somethin like a zommpire. Comin' through with 25 lighters. I've always been on fire maayne, and really hot. Man I'm kreayshawn I'm crazyy I don't stop"
go hard (la.la.la),"Hey, bitch. What's up. You know, I'd really like to do that but.... I don't have any fucking money. Like, I don't have any fucking money. Hey, bitch. Do you really really really wanna go hard?. Go in the crib. Steal your stepfather's credit card. And take the car, do circles in the parking lot. Scream at the top of our lungs like la la la. La la la la la la. La la la la la la. We on the la la la la la. We on the la la la la la. Hey bitch I see you working at the mall. At Forever 21 selling tanks and shawls. You wanna quit your job?. You need a place to go?. Girl run your own show but, don't be on some hoe shit. Bounce with something cute on, I kiss into a fog zone. I be really off and searching for some water though. What it do, let it go and go hard. Let me see you do it. Go hard, like real hard. Hey, bitch. Do you really really really wanna go hard. Go in the crib. Steal your stepfather's credit card. And take the car, do circles in the parking lot. Scream at the top of our lungs like la la la. La la la la la la. La la la la la la. We on the la la la la la. We on the la la la la la. Do do do do it like, do it like, do it like. Let me see you go hard, go hard, go hard. Girl you need that new. Bottles on chill I got gold chain flu. Little lady on my side, show me how you ride out. Be a good one and I'll take you to my hideout. Pretty little bitch, dripping like some water though. I'll be on that straw and comin for that lolo. What I do. Let her go. She's back now. She went real hard until she threw her back out. Hey, bitch. Do you really really really wanna go hard. Go in the crib. Steal your stepfather's credit card. And take the car, do circles in the parking lot. Scream at the top of our lungs like la la la. La la la la la la. La la la la la la. We on the la la la la la. We on the la la la la la. Silly girl, take your jacket off. Get off the floor, go hard, go hard. G-g-go hard, go hard, go hard. Damn. Do it like, do it like, do it like. Do it like, do it like, do it like. Let me see you go hard, go hard, go hard, go hard. Hey, bitch. Do you really really really wanna go hard. Go in the crib. Steal your stepfather's credit card. And take the car, do circles in the parking lot. Scream at the top of our lungs like la la la. La la la la la la. La la la la la la. We on the la la la la la. We on the la la la la la. Do it like, do it like, do it like. Do it like, do it like, do it like. Let me see you go hard, go hard, go hard, go hard. Do it like, do it like, do it like. Let me see you go hard, go hard, go hard, go hard"
god bless this doobie,"Oh Yeaa. You know I just got inspired cus uh I found this doobie when I was cleaning my room right. Maan, I haven't smoked all fucken day. This doobie looks soo good. So God I just wanna ask you one thing God please God please. God please bless this doobie. I'm tryna get high on off my fucken groupies. I'm tryna get high. All up in the sky. Man I'm tryna float away like mannn.... I'm tryna go to the fucken plane man. But I gotta clean my room man. So I needa get high with this broom. And start sweeping this shit man. I'm just tryna get high on your bitch man. And I found a doobie and God blessed it. On safe semen I be restless. Tryna finish it man I can't do it. But you bitch man she out doin it. In my bed giving head, what the fuck I don't caaaree. Maan I'm tryna get high on your bitch man I'm tryna get high off this shit. This man I'm tryna get high all the time. Got blunts always on my motha fucken mind. I got money too on my motha fucken mind. So bitch hop off if you ain't on your grind bitch. I pull it out my pocket and put it in your face. Bitch hit this blunt all day. This blunt taste so motha fucken good it's not a blunt it's a doobie but it's still all good bitch. Yeaa I thought you knew this. It's Kreayshawn man. I'm always blowin I'm always blowin and I'm always blowin. Freestylin on this shit mann. I don't know man I just speakin. Free V-Nasty she a real freak man. Everytime you see her she on that V and she don't stop man. Free V-Nasty man I miss my sister. It's all good I really miss her. Man what the fuck man I don't give a shit. I'm crazy I'm Kreayshawn I get high on bitch. I get high all the time I'm getting high with my sister. Man I get high with rich girl coastin. Man I'm coastin I'm not boastin. I got plans though and I got your man though. I got your girl though. And she is on the floor. Man what the fuck she doin man she high too. And I smoked her out. And got her real high. Or it no blunts man it was in the sky. And my phone ringing what the fuck it do. Shout out to spacegoferblue. Yeaaaa hahaa. I don't wanna stop. I don't wanna clean. I just wanna keep smokin your bitch!. Yeaaa. And I really think I'm really high in real life this time. I'm really high in real life. Yeaaa ha. Mann I'm bouuta smoke a blunt with youur bitch man. Smoke a blunt with a bitch. Yeaa smoke a blunt"
gucci gucci,"[Sample]. One big room full of bad bitches. [Hook]. And we stunting like. Gucci Gucci, Louis Louis, Fendi Fendi, Prada. Basic bitches wear that shit so I don't even bother. [Verse 1]. Gucci Gucci, Louis Louis, Fendi Fendi, Prada. The basic bitches wear that shit, so I don't even bother. I put that on my partner, I put that on my family. Oakland city represent, address me as your majesty. Yeah you can kiss the ring, but you can never touch the crown. I smoke a million Swisher blunts and I ain't never coming down. Bitch you ain't no Barbie I see you work at Arby's. Number 2, super-sized Hurry up I'm starving. Gnarly, radical, on the block I'm magical. See me at your college campus baggie full of Adderalls. Call me if you need a fix, call me if you need a boost. See them other chicken heads? They don't never leave the coop. I'm in the Coupe cruising, I got the stolen plates. Serving all the fiends over there by the Golden Gate. Bridge, I'm colder than the fridge and the freezer. I'm snatching all your bitches at my leisure. [Hook]. [Verse 2]. Gucci Gucci, Louis Louis, Fendi Fendi, Prada. I'm lookin like Madonna but I'm flossing like Ivana. Trump, you know I keep that work in my trunk. Got my hand on the pump if you wanna press your luck. I'm yelling ""Free V-Nasty"" 'til my throat is raspy. Young, rich and flashy I be where the cash be. You can't find that? I think you need a Google Map. My pearl-handled kitty-cat will leave and press your noodle back. Now Google that groupies follow me like Twitter. I'm rolling up my catnip and shitting in your litter. Why you looking bitter? I be looking better. The type of bitch that make you wish that you ain't never met her. The editor, director plus I'm my own boss. So posh, nails fierce with the gold gloss. Which means nobody getting over me. I got the swag and it's pumping out my ovaries. [Hook]. [Outro]. Oh, all you basic ass hoes out there. Man I got rooms full of bad bitches. They don't need Gucci, they don't need Louis. We swagging, ehh, meow"
hoes on my dick,"Hoes on my dick cause I look like Madonna. Hoes on my dick cause I always got the choppa. Hoes on my dick cause I'm their baby-father. Hoes on my dick cause I make her fuck her father. Oh man! Hoes on my dick. All these hoes on my dick. There's all these reasons why... Hoes on my dick cause I look like Madonna. Hoes on my dick cause I always got the cheddar. Hoes on my dick cause I'm their baby-father. Hoes on my dick cause I make her fuck em proper. Hoes on my dick cause I'm based and astounding. Hoes on my dick every time that I'm rhyming. Hoes on my dick, I be smoking purple. Hoes on my dick and I think I'm Steve Urkel. Hoes on my dick cause I'm a Ninja Turtle. Hoes on my dick cause I get em wet like Turtle. Hoes on my dick, but I really don't got one. Hoes on my dick, but I really don't got one. Hoes on my dick, but I really don't got one. I don't really know what the fuck this is about... Hoes on my dick cause I look like a lesbian. Hoes on my dick cause I never been ?. Hoes on my dick cause Will Ferrell's my uncle. Hoes on my dick cause I ?. Hoes on my dick cause I look like Jesus. Hoes on my dick cause I love the fuckin beaver. Hoes on my dick cause I do just like whatever. Hoes on my dick cause I'm ballin on these hoes. Hoes on my dick all the time and every second. Taking me to Heaven cause I'm lighter than a feather. You get em wet, but I get em wetter. These hoes on my dick, and I ain't even got one. These hoes on my dick, and I ain't even got one. These hoes on my dick, and I ain't even got one. Hoes on my dick while I be sippin ?. Hoes on my dick, pour hot sauce on my clothes. Hoes on my dick cause I look like a kitty. Hoes on my dick cause my name on their titty. Hoes on my clit, yeah they riding. Hoes on my dick, tell me secrets, they confiding. Hoes on my dick when I go to Japan. Hoes on my dick after I shook their hand. Hoes on my dick while I be rockin Gucci. Hoes on my dick while my sister rockin Coogie. Hoes on my dick, won't leave me alone. Hoes on my dick cause I'm always on the phone. Yeah, these hoes always on my dick.."
i just wana be your friend,"[Intro: Rick Ross]. Yeah this Rick Ross the big boss. Right now you checkin in with DJ Woogie. The muthafuckin king, this some Bay Area's finest. Woogie, play that shit!. ""Ay, ay"". ""Wassup man? "". ""I dunno man, like, we're hella-close friends, right? "". ""Yeah man, we're friends... "". ""Alright, that's good, cause I mean like... "". ""Ay man, your verse is about, like, a lesbian, so... "". ""Oh no, I don't know about that... "". ""I just wanna be your friend. And we can hang out and smoke weed til the very end. And when it ends, we can roll it up again. Now we gonna be the best of friends, I can tell. We're gonna hang out a lot. Hot box your car in the parking lot. Before we go upstairs, play with each other's hair. And when we're done, we can go. Watch some crazy movies! The time we spend. It really moves me, makes me wanna be your wife. Now that it's legalized.... I don't wanna go home, can I spend the night?. Can we have a slumber party pillow fight?. Can I borrow your shirt? I want to spend the night. Can you show me where you shower?. I think you're really cool, this is how I am. And if you wanna hook up, I'd be down with that shit. But until the time's right, I can be your friend. And we can go out and dance on the weekend. Maybe go to a bar? Now I'm 21. And mob on any bitch who try to say some. Please. The time we spend is gonna be different. Cause of two different lifestyles we living. Until we got back home.... Friends til the end like Child's Play. You can get hit 24/7 smoking lots of haze. What shall we do??. Slow your roll and pump your brakes. I would like nothing more. Yeah I wanna make out. Great night: movies and Chinese take out. Let's break out, we're far away. So I have to get to you, travelling at. The speed of light in a spaceship made for two. Just one way. Vroom vroom!. On the porch smoking dro, moving slow"
i'm moving,"Oh oh it's kreayshawn, bro. Oh guess what. I'm up on this track.. I'll lay you down on your back. With the mac. I bet you didn't know. But I knew it. You fucking blew it. Let's fucking do it. Yeah, 'cause I'm a swag surfing. On the swag tsunami, yeah. I'm surfing. But I can't swim. But I'll be running that wave all. Mother fucking day, yeah. I got the fucking swag flu, bro. I'm coughing on your bitch. And I hope she don't get it. Cause I got it, bitch I rock it. That swag flu shit makes me wanna stop it. And look I went to the store and got some shit. Yeah that shit was looking better than your bitch. In the picture. I wish I was kicking it with ya. But I can't so I'm gon do my fuckin dance bitch. What it do. I'm gonna fuck your crew. And after I'm done than I'm gonna kill you. I will kill you. And it's nothing to me. Run up on you with the jimmy in the kimmy. Pull out the tommy. Like salami. I make sandwiches. Italian belly. Bitch, I'm so heavy like a fuckin weight.. Lift me up, hold me down. I'm off the ground. I'm too heavy for you to carry around.. Put me on your back girl. And run around with me on your back. Like a piggy back ride. I run it when I ride, girl. In the side, girl. Got the mac, girl. And if you're acting crazy. Then I'll have to react, girl. Don't fucking play with me like it's a joke. Not on facebook I'll fucking poke. You in the eye. And I don't play. I hope you lose your vision. And im from the bay. You can't see me. Or on tv. Maybe on unstream. You can really act like you know me. When you add me on twitter. Don't be acting like... hella bitter. When I don't follow you back. It's nothing personal. You ain't coller than me. Your status ain't tight. But I'll update all night. And all day. I don't give a fucking shit. Fucking everything. And fuck you, your fucking bitch. Fuck, fuck, fuck, fuck. I can't fucking stop cussin. Shit, fucking, whore. I fucking love cussin. Fucking shit, bitch, whore. Fucking... shit. I don't know all the cuss words. But I'll keep it dip. Fuck you bitch. Yeah, yeah I'm gonna fucking him. I'm gonna fucking spam. And I'll kill your man. I'll kill your momma. I'll kill your dog. I won't kill your kitty. But I'll steal her and put her in a bag. And take her home. And she can play with my cat too. My cat is fucking goon. She's a reall goon. I got a fucking text message. Who it be?. Its lil b. From the park, hey. I got five on the dro. If you get a blunt. Man, you already know. I had a bag of dro somewhere. And I lost it. I think I gotta go look for it... And it's in my pocket. meow."
k234ys0nixz,"Diamonds in my blunt thats how I be blowin money. Oops I didn't read yo tweet coz I was getting money. Its funny where I pour up in the same club that you. Hoe up. N when I look into ur eyes I see you lookin tore up. U ain't gonna find a bitch that goes as hard as me. She said she drink like a fish but she drowndin in tha sea. I'm so done with the games man. They loosin what I'm gainin. Can be real if you faking the games that we playin. Ye we on game is ova. Dat flow ain't got no pace so put on now I got it. Dem white girls keep on mobbin. Ye we do ur chances over but not 2 be ma lover. All em haterz ask me what I'm doin I just simply. Tell em kreaysonix. I'm on it, on it, on it kreaysonix. I'm on it, on it, on it kreaysonix. Swisher smokin kissin on some shit dat got me buggin. Trippin on da music n I'm lookin 4 sum lovin. These pretty girls sorround me yeah we family kissin cousins. N re pushin on ur buttons cuz ur man wish he was fckin. Fuck em haters. Hatin on us yeahh. You know they'll. Love us later. Said id neva E but I'm snackin on dat paper. N I'm dope. Fresh and oh. Body talkin its sayin go. Treat me like ur bran new hoe. Shine me up. Light show. Ye we on game is ova. Dat flow ain't got no pace so put on now I got it. Dem white girls keep on mobbin. Ye we do ur chances over but not 2 be ma lover. All em haterz ask me what I'm doin I just simply. Tell em kreaysonix. I'm on it, on it, on it kreaysonix. I'm on it, on it, on it kreaysonix. Put me on now I got it. All em haterz ask me what I'm doin I just simply. Tell em kreaysonix"
left ey3,"[Hook: Kreayshawn]. Caught my man cheating on me. Rolling through the west side. 'Bout to burn this fucking house down. Like I'm left eye. Like I'm left eye. 'Bout to burn this motherfucker down like I'm Left Eye. Heard my man is cheating with another bitch at my house. Now I'm going to make a scene like Amy Winehouse!. Amy Winehouse. Amy Winehouse. 'Bout to burn this motherfucker down like Amy Winehouse!. [Verse 1:]. I don't need no TLC. I just need some THC. Higher than miss Courtney Love. Murder in the first degree. Certainly you got me confused with them stupid broads. Shooting dice in the streets taught me how to play the odds. I find it odd that your twitter page is private. You got two phones, one of them stays silent. Now who the fuck is calling in the middle of the night?. They hang up the phone when I pick up, bout to grab my knife. You trynna play me like a boss. But you're faker than Rick Ross. When you fall asleep I'm 'bout to cut your fuckin' dick off. I'm about to call my goons and stick you for you guap. You tell a lot of lies but I let my bullets talk. You think you slick?. But this might be your big regret. Them pictures of your skinny dick is gonna hit the internet. I should key your car but I'd rather slap your mom. Only a bitch can give birth to such a fucking dog. [Hook]. [Verse 2:]. I'm about to run up in this bitch with choppas like I'm Patty Hearst. Stylish but violent, I'll leave you in a tinted hearse. In my purse I got that.22 to get the job done. And V-nasty whips the ghetto way, you know how I mob son!. I'm Lorena Bobbitt chillin' in your bed. I'm Britney Spears on Hella drugs and I just shaved my head. Fuck the feds and the police. Ain't nobody touchin' me. Thelma and Louise. Suicide girl thuggery!. [Hook]. Rest In Peace Amy!"
like it or love it,"got strawberry letter 27. I got gold bananas engraved. With my grandmothers title signature. What you got?. I got me a bunch of haters,. Got me a bunch of faders. Be like sayonara see ya laterrr. Jordan's on with the 808 drum. And you bitches can't get none, I'm just so done. Don't say shit though, say you know? No one know you. I'm in your city like a mayor hoe, I lead by example. your hoe lives by dismantle. Don't tell a soul what we did just keep it stable. I'm dope, you're on dope. Get it?. Run and get the phone and you can't call for better. I was on the phone tellin' bitches that I'm wetter. I killed it once, I killed it twice and no I don't regret it. Chorus:. What u doin'? Do just what you do. You like it and then you love it Alright. Do just what you do. What u doin'? Do just what you do. You like it and then you love it Alright. What u doin'? Do just what you do. You like it and then you love it Alright. What u doin'? Do just what you do. You like it and then you love it Alright. Do just what you do Alright. Lookin to trip, not really just lookin' for clues. I'm so important that one of my shoes is news. Custom perches might make bitches take off their shoes. How could I not, if I didn't then I wouldn't be scott. Broken hearted it slowly rots,. I hope she knows that hardees sucks. I'm goin back up, don't summon me again. unless your ready for the pain. You better step up, when you see me in the box,. believe ib ball mayne. Mags on mags on mags I don't have to push. motherfucker who's bad. Don't give a fuck about much, I'm cool and calm just like my dad. Niggas wanna live like us, niggas wanna floss like us. Fuck a bitch good like us, cool the cartier like us. Cruise all night with me, niggas really in Paris. Chorus:. What u doin'? Do just what you do. You like it and then you love it Alright. Do just what you do. What u doin'? Do just what you do. You like it and then you love it Alright. What u doin'? Do just what you do. You like it and then you love it Alright. What u doin'? Do just what you do. You like it and then you love it Alright. Do just what you do Alright. I be on that power. Maybe on that powder. All these bitches yeah they my bastards. They my bastards. They my bastards. Tell Ron Hubbard 50, I'm like WTF!!. Outside raining kitties, my doctor knows what's up!. I be provin' last dance, I'm the only one. in hate sky high shinin' demon like the fuckin' sun. Throw my shades now I'm off on a world tour. Get less but a mind wanna give more. Boom boom for my girls on the dance floor. Pour some for the people, they work hard. Closer than her body, she's throwin a big party. She's inviting Cudi, we beat it 'til its bloody. POR: EDu..."
luv haus,"Too early, it's morning. Some reason it's blinding. Just think that we're rolling. How high am I going?. Can you recognize, familiarize?. Tell me how you picture us polarize.. Hey hey hey ah ah ahh. Hey hey hey ah ah ahh. One love cause I'm hooked on the feel. Back then I used to have it for sale. Reach out and put your hands on the ground. I'm in the sky but I feel like I'm down. You take the time, you make me lose it all. You build me up and then you let me fall. You take the time, you make me lose control. You had me high and then you take it all. Hello barber. I'm sitting on the moon now. You take care of my problems. You take care of my broken heart. Hey hey hey ah ah ahh. Let's end before we start. Hey hey hey ah ah ahh. Let's end before we start. [ Lyrics from: http://www.lyricsfreak.com/k/kreayshawn/luv+haus_21036409.html ]. One love cause I'm hooked on the feel. Back then I used to have it for sale. Reach out and put your hands on the ground. I'm in the sky but I feel like I'm down. You take the time, you make me lose it all. You build me up and then you let me fall. You take the time, you make me lose control. You had me high and then you take it all. Now, I change my mood when I see the moon. Now, I change my mood when I see the moon. One love cause I'm hooked on the feel. Back then I used to have it for sale. Reach out and put your hands on the ground. I'm in the sky but I feel like I'm down. You take the time, you make me lose it all. You build me up and then you let me fall. You take the time, you make me lose control. You had me high and then you take it all. Now, I changed my mood when I seen the moon. Now, I changed my mood when I seen the moon"
mobb freestyle,"Me and Kitty just chillin, Sittin on the Couch, and this drank, we spillin. This Bo, we sip it, and we leaning in this bitch. Me and Little Cat the Flare going dumb up in yo bitch, yeahh. Free My sisster mayne~! Cause I miss her maynee~!. I always feel the pain, when my friends, ain't around me.... I'm goin crazy cause I get so lonely. it's liek wtf is going on.... I'm Phony! I like to eat my cheese and balogna sandwitches when I'm Hungry;). When I'm hungry I stay eating. I'm never on the Streets, leanin. Cause I just stay in the house, and tehse beats, I will be fuckinn freakin!. Like a fucking Nympho. I'm coming down the street. And I don't give a fuck, about, yo fuckin foes, cause a Six is what I rock with. Bitch if you hot, than put it in yo pocket. Don't walk in the club, sprayin in the air!. It's gonna hit God, than he will, really care!. And knock yo ass down. because he don't play. Jesus knocks down thousands of people, eveeryday. Amazed, I'm up in the sky, I'm way so fucking high. I'm flyin like a kite, but I'm stuck like chuck. And I won't even try. I'm always just so high. I'm always just so fuckin fly!. My swag is off the fuckin rictor!. BITCH, you think that my name was victor. But it's not! it's kreayshawn! I got it goin on. Me and my mom. Yeah, fuck a dad. that shit I never had. But still, I'm goin bad. I'm goin fuckin bad, like I'm rad!. Like a crazy ass bitch on the shit goin ham, yeah. Fucked the can yeah. I'm goin spam man. I'm goin hard. harder than yo bitch, when she was on yo best friends dick. OH MY God. bustin bithes out. All fuckin day. You thoguht yo bitch was straight. But that bitch is shaadayyyy! aye!. Fuck that shit man. yo bitch is a ho!. They tried to. Kick down my sisters back door, but it didn't work. Cause that bitch will twerk. And if you run up in the house, we'll put yo ass to work. Put you on the floor. Now you layin theree. We ain't playin here, bitch, we don't pull hair. Cause we ain't got none! we short hair, ho!. Bitch you really think I fucking care though?. Cause I don't. let me catch my breath. I'm running out of it. Yeah. I'm fuckin goin so hard on the shit I never quit. I'll never stop I'll never drop or flip flop. I'm goinn never stoppin. I'm steady rockin. Run up on me and I will get to poppin"
murder,"[Hook: 2 Chainz]. Murder, Murder, This Right Here That Murder. Pulled the Car Out The Garage, They Screaming Bloody Murder. Murder, Murder Chalk Line Around Your Daughter. 3 Cell Phones and I Still Don't Ever Call Her. [Verse 1: 2 Chainz]. Murder, Murder, Smoking on that murder. If a girl out with me, Just know she Murder. Murder, Murder, Take Her Ass like Burglar. Then I Put her On the Loud and feed her turkey burgers. Murder, Murder, This is Bloody Murder. All This ice all over me, I should wear a thermos. Murder, Murder, Hit you with the Burner. Hit you with the burner, hit you with the burner. [Hook]. [Verse 2: 2 Chainz]. Murder, Murder, yea I'm killing niggas beats. When I'm out of town and on the stage it's rest in peace. Murder, Murder Somebody call my lawyer. They said I was killing Tennessee when I was down in Florida. Murder, Murder, my shoes none than a quarter. Rapping with the murder team nobody wanna record us. Murder, Murder Listen to the chorus. Niggas wanna know how I get it when I get. Don't worry, Just know it's murder. [Hook]. [Verse 3: Kreayshawn]. This right here is murderous. I'm Mama Kreay the gangsterous. From the East to the West it gets dangerous. When you get that dough on display and shit. Bitches will be hating this. But my mind still climbs for greater-ness. That money that I'm playing with. Put a whole in your head with no blame for it. Saying it. I'm Kaying. Come back to the block and I'm spraying it. Delaying, I'm stopping it. Put a end to your life, I'm blocking it. Your career bitch, you was never on. I heard 2 Chainz blocked you off his phone. Bitch don't call him if you ain't 'bout to ho. Bitch don't call him if you ain't 'bout the doe. [2 Chainz:]. Hello.... [Kreayshawn:]. Hello.... Hello.... [2 Chainz:]. Hello.... [Kreayshawn:]. Hello.... Hello.... [Hook]. [Outro:]. Ayyyeeeee... Kreayshawn... 2 case, white girl mind... shes chokin... 2chainz!"
rich whores,"[Intro]. Oh my God, did you hear the new Gucci Mane album?. I love Gucci Man! I love Kreayshawn! Let's get it bumpin' bumpin', yeah!. [Hook]. This is for my hoes, hoes in the secondhand clothes. Who use their dollar bill to put the powder in they nose. I love my hoes, hoes in the secondhand clothes. Who use their dollar bill to put the powder in they nose. Rich whore, rich whore, spending at the thrift store. Line it up, line it up, sniff more, sniff more!. What up, bitch? I heard you go to Film. What up, bitch? I see you dancin' with no rhythm. What up, bitch? I know you like that gangsta rapper. You'll prolly piss your pants if you ever seen the trap. [Verse 1]. I fuckin' hated school but I love my Trapper Keeper. That's where I kept my work, go ahead and ask my teacher. I got pretty features, ""Did you major in photography?"". Well, I did, and fuck that noise, I'm a self-taught prodigy. Honestly, I'm probably a bonafide problem child. I was born with hella stees, you had to go buy your style. Ginger Spice, Ginger Spice, hustle hard, Fisher Price. (?) I just hit the swisher twice. Sporty Spice, Sporty Spice, hustle hard for forty nights. Forty days, 40k, forty hoes, forty wives. Forty fashion student who designing all my merchandise. And she hella shallow, damn, she could be my perfect wife!. [Hook]. [Verse 2]. Broke house, poor house, crack house, trap house. Art loft, sky freight, sky-high penthouse. We in the downtown suite and the view is mayne. A rapper talked about it so she had the system lame. Her boyfriend's in an indie band and got a moustache. The music's fuckin' lame, he lookin' like a muskrat. Trust that, co-sign it, take it it to the bank. You can put a pig in makeup but you can't disguise a stain. I'm sharper than a shank in my marijuana stank. My life is like a work of art, your canvas lookin' blank. So add a little color, put some paint on your palette. Because I fill them galleries, them painter hoes is mad at me!. Line it up, sniff it! Chop it up, sniff it!. [Hook]"
rum & coke (feat. dame grease),"Vi ? vi- vicodin, Rum & Coke;. Magic pills in my coat. Purple weave, purple smoke. Pink champagne, down my throat. I'm feelin' like a star but. I'm higher than a comet. When I'm at the dancefloor. All the hoochies want it cuzzz. Chorus:. I'm snatchin' bitches and your hoes, -oes, ohh. I'm at the bar I'm blowin' dope, -ope, ohh. The blunt' I'm smokin's burnin' slow, -ow, ohh. This MDA will make you float, -oat, ohh (x2). A little bit of weed and Percocet. I don't hide cuz we so wet. Pushin' henny make me dizzy. Now I'm in the club on (some kind of drug). I can't get it on the floor,. If you need I'll get you more. That your chick? She do it all. She's all alone. She's bouncin' balls. Chorus:. I'm snatchin' bitches and your hoes, -oes, ohh. I'm at the bar I'm blowin' dope, -ope, ohh. The blunt' I'm smokin's burnin' slow, -ow, ohh. This MDA will make you float, -oat, ohh (x2). Green eyes, got sassy thighs. Blue eyes got me hypnotize. Brown eyes, got cheery pie. Red eyes, got me really flyin' high. She drinks patron and rum & coke, -oke,. She puts it down and up her nose, -ose,. She gets so fucked up that I know, -ow,. She's feeling good, she's good to go, -oh. (x2). Chorus:. I'm snatchin' bitches and your hoes, -oes, ohh. I'm at the bar I'm blowin' dope, -ope, ohh. The blunt' I'm smokin's burnin' slow, -ow, ohh. This MDA will make you float, -oat, ohh (x2)"
sipping coffee,"Yea it's Kreayshawn and I'm gonna tell you something so amazing. Yea my fucken mind exploded when I sat and reloaded. Bitch I didn't know what I was totin. But I accidentally shot my self in the face Yeaaa. Erased my shit Yeaaa. No identity when I walk down the street people act like they don't know me. But it's good though cus I don't want you to recognize me anyway. Cus I don't give a fuck I'm from the bay. And if you talking shit then I might just spray. Yeaa fuck this shit I wanna ride an elephant out this bitch and be like Bye. I'm gonna go to Africa or something. Go huntin and come back with some real trees and sell it to your cousin. Yea your cousin she was Asian. Man that bitch was blazin. She gave some amazing ass head in my bed. Won't really join this bed cus I'm chillin at her house waiting for we meet on the fucking couch!. Where is the weed! I'm going crazy. I need some smoke, some trees in my lungs so I can breathe. Yea that shit ain't fucking cool waiting on that shit like I'm waiting to get out of school. Easy dollar sign and young man though. Where's the banjo I'm going kambo. Where's the weed up in my bed by the doors so we can get to run. Bet you forgot the swisher huh man fuck this house up. You can walk to the store and get a swisher and get some donuts and I can get with chaa. Yeaaa and get some munchies Yeaaa. Shit I don't know, I fucken lost it bro. Should I bring it back, I don't know. If I brought it back I might just pull ya ho. Into my whip, girl in the trunk and say fuck you bitch. Fuck you ho you in my trunk now. And I ain't slappin no mo put my hands down. Yea my hands down I got no sound but it's all good cus. I'll be slappin in my bed. Yeaaa swimming in the sea. With skittles around me. Bitch I'm so fucken crazy"
summertime,"Hey summertime,. I really think I'm feelin' you. Especially when you shinin' those beams like you do. Grab one beer and a bitch or maybe two. And hit the sand in the water so I get cool. I see a little lady walkin' with her cheeks out. Gotta pull her by her arm and see what she's about. Can we go to Hawaii so you can roll my blunts when. I get too high.. She's young and fun and the sun's here with her. She's kinda cute but the bitch is gettin' weirder. I'm gonna roll her in a ball and just kick her. Can't believe she pulled that shit at dinner. Bitch I'm done like the sun on the east side. Kreayshawn again bounce out the G ride. Grab a burger and a chopper then I get to slide. I think I'm gonna leave her now cause it's summertime.. [Chorus]. It's summertime. And your bitch is on my mind. It's summertime. And your bitch is on my mind. It's summertime. And your bitch is on my mind. It's summertime. And your bitch is all mine. All fine, real fit, she's a sweetie. Plus she's lookin' great in her bikini. It's summertime. And your bitch is on my mind. It's summertime. And your bitch is all mine. It's summer night and I'm sipping on the double cup. We got so much weed, we 'bout to fill the pull up. Turn up, smoke up and hit the waterslide. Keep cool 'cause you know it's too hot to bite. When it's hot out, you know the whole blocks out. Girl you're gonna get your turn, please dont start to pout. Puerto Rican Day Parade in the. MA and we feelin' great because the sun's rays. Drink water 'cause I need to snap out of it. They say the summertime, known the season of the hits. So here's a hit, go and pass it on. to all your friends and slap it real loud when you're drivin' the benz. You be partyin' no need to pretend. It's your life and summertime never ends. ?Cause it's your life and summertime never ends. [Chorus]. It's summertime. And your bitch is on my mind. It's summertime. And your bitch is on my mind. It's summertime. And your bitch is on my mind. It's summertime. And your bitch is all mine. All fine, real fit, she's a sweetie. Plus she's lookin' great in her bikini. It's summertime and your bitch is on my mind. It's summertime and your bitch is all mine. [ V-Nasty ]. Summertime when them girls come out in short shorts. Candy weist, planting colors like new ports. Hot nights on the block like I'm in a fort. July comes poppin' bitches like it's the fourth. It's summertime and your bitch is on my line now. She keeps calling me, she ain't on my mind now. Summertime, I'll be damned if I die broke. { Out 24/7 chasing my dough }. Water fights in the hood at the barbecue. Hate to buy a lot but I only trust a few. My type, ice cold, drinking like juice. Chin up, chase it down with the grey goose. Bitches trippin' on the bitch when they hear my name. Sippin' Ciroc, connecting blunts to the flames. I'm seein' new things but I can't change. Summertime when a bitch like me will snatch ya chain. [Chorus]. It's summertime. And your bitch is on my mind. It's summertime. And your bitch is on my mind. It's summertime. And your bitch is on my mind. It's summertime. And your bitch is all mine. All fine, real fit, she's a sweetie. Plus she's lookin' great in her bikini. It's summertime and your bitch is on my mind. It's summertime and your bitch is all mine"
the ruler,"Uhm, can I have my gold please?. May I have my gold please?. Thank you.. Gold watch. Gold chain,. Keep 'em starin' uh. You can recognize me from my gold earings.. Fuck your paper, that's some old shit. Call it golden girls. Now that's an old bitch.. Gold dipped in my open face shinin' out. I get so much gold, it's drippin' out my mouth.. Fuck your bank account,. I'm in a gold house. And I'm snortin' gold, and. Smoking brussel sprouts.. I got a mouth full of gold. I'm bout to throw up. And my pinky ring frosen just to show off. Fuck your bottle, we're sippin'. Fourtays!. So much gold around my neck. They callin' me slick rick the ruler!. Slick rick the ruler, yeah.. Slick rick the ruler, yeah.. The ruler, the ruler.. Slick rick the ruler, yeah.. Slick rick the ruler, yeah.. Slick rick the ruler, yeah.. The ruler, the ruler.. Now she digs gold, she layin miner. She wears lace panties with the gold linin'. Her hair blondie, and she shakin' ass. Her chain real gold, it get takin' real fast. Gold beach, gold wave. We hanging ten, I live the golden life. With my golden friends.. Yeah, gold dust gold goose. That's the golden shower. Aye you go girls! that's the golden hour!. [ Lyrics from: http://www.lyricsfreak.com/k/kreayshawn/the+ruler_21036408.html ]. I got a mouth full of gold. I'm bout to throw up. And my pinky ring frosen just to show off. Fuck your bottle, we're sippin'. Fourtays!. So much gold around my neck. They callin' me slick rick the ruler!. Slick rick the ruler, yeah.. Slick rick the ruler, yeah.. The ruler, the ruler.. Slick rick the ruler, yeah.. Slick rick the ruler, yeah.. Slick rick the ruler, yeah.. The ruler, the ruler.. I thought I died, but I came back to life. I was in a gold case that preserved my life. Now I'm back again. On the streets with a gold chain from the 70's.. Super planetary, mega stellar. Hydrostatic gold plated 22's with the platinum automatics. Gotta have it. Got to get it, by any means. We don't come in secons,. We are the golden team!. I got a mouth full of gold. I'm bout to throw up. And my pinky ring frosen just to show off. Fuck your bottle, we're sippin'. Fourtays!. So much gold around my neck. They callin' me slick rick the ruler!. Slick rick the ruler, yeah.. The rrruler, the rrruler.. So much gold around my neck. They callin' me slick rick the ruler!. Slick rick the ruler, yeah.. Slick rick the ruler, yeah.. Slick rick the ruler, yeah.. The ruler, the ruler.. Slick rick the ruler, yeah.. Slick rick the ruler, yeah.. Slick rick the ruler, yeah.. The ruler, the ruler"
twerkin!!!,"[Intro: Kreayshawn]. Damn girl!. I seen you in clubs. I mean in spin class. I hear you're shakin' that ass now. Yeah!. [Hook: Diplo]. Now we slow it down. Slappin' on the bass. Can you drop your booty down. 'Til your booty's lowercase?. Then we speed it up. Poppin' on the pill. Feelin' on the [?]. Let me see your booty drop. Drop your booty down, drop it. Let me see your booty drop. Drop your booty down, let me. Let me see your booty drop. Drop your booty down. Let me see your booty drop. Drop your booty down. Twerkin!. [Verse 1: Kreayshawn]. Booty poppin' on the floor. Don't be shy, better beat her score. On the ground or on the table. Stand up quick and make it stable. Like Milian and Dip it Low. Work it freaky girl like you're on the pole. You ain't no ho, girl we know. We just wanna see that bootyhole. Look at that booty, like the world, so round. Like Rye Rye, shake it to the ground. Don't play dumb or we take 'em to the town. Where bops like you, they get turned out. So come on girl, we ain't no cops. We just wanna see that booty pop. Now strip girl like it's hella too hot. In the kitchen twerkin when we cookin' on pots. [Hook]. [Verse 2: Kreayshawn]. You know it's a cold world. But you're dressing like it's hot now. You're laying on your back. Smackin' your heels up on the ground now. Lil' ones be comin' down. Like baby doll did her rain dance. We get kicked out the clubs. Cause we can't control our sticky hands. Bounce it bounce it, shake it shake it. Melt it to the core. Roll around and pick it up and. Please me cause I'm your Oh. Come sit on my lap. Now whatcha think of that?. Relax, kid, in your spot. You got me throwin' stacks. [Hook x2]. [Sissy Nobby:]. Hello, goodbye. With with w-with them thighs. She good, she fly. She do it, oh my"
wavey,"Yeah, (meow meow meow). Yeah,(meow meow meow, meow, meow meow). (Got money?) Yeah, Got money?. I got cat nip. Cause I'm a cat bitch. Choppa Kitty Boppas yeah. Mobbin helicopters. Hold up on the clip Kreayshawn I'll watch ya. You can call me Natasha. I smoke dro like a rasta. I get money like a mobsta imposter. Yeah I'm mobbin'. So I called up Flores. Cause your girls done whorin'. I snatched her, now she's scrubin on my floor. & on her hands and knees. I call her cinderella. She ?_________?. If you talkin shit she put a hole in yo umbrella. Yeah, I run the fuckin bay. Smokin on the hay we do this everyday. Me & White girl Mob yeah we camera rob. Run up on your girl. Steal her juicy charms. I don't give a fuck man I'm always armed.. Run up on my sistas & you really will be missin, Yeah. We'll put you in my trunk, the white girl trunk. The white wagon, man you don't want no funk, Yeah. & We slidin' to the east, ridin out back we real fuckin beast.. Oh, I ain't seen you there. You reppin that shit but I never seen you there. No, but I seen you at your show,. Actin like a square ass ho, no? No. I never seen you on set, man. You must be fakin oh. You can catch me on, 35th or 23rd goin crazy. From the dubs to the fake 80's. Man I'm goin' Kreayshawn. Cause I'm fuckin Kreayshawn. I'll run up in your house & kill your mom. & I'll kill your dog & I'll kill your little brother too. Man but I won't kill your cat. I'll put her in a bag & take her to my house. Put her on my couch. & Let my cat go at her. Cause my cat is a goon, yeah. She's a goon comin to you real soon. Kitty got that choppa and she don't fuck with you. She'll put one in your head & lay you on in bed. Like Ow, my cat don't play. If you got a dog then my cat will spray, yeah. Cause she got that big thang, run up on her. & it's over .. That shit is over. No more callin your dog rover. Cause no, my kitty put him in the ground. On all fours man he really layin down, oh. Yeah, I got that fuckin choppa, sittin in my pants. Oh my fuckin God, maybe I lied. I got that choppa sittin right here on my thigh. Oh, yeah I go crazy. I'm Kreayshawn babyyy"
