Total,49497
tori amos,304
liam gallagher,27
raimundos,16
reverend horton heat,94
chuck berry,184
joe perry project,46
the killers,139
the stone roses,60
nazareth,293
wwe,158
queens of the stone age,128
deep purple,238
mara,15
hinder,68
rhino head,1
fall out boy,166
torugo teles,2
radiohead,209
ben harper,187
smashing pumpkins,282
resylia,9
emmerson nogueira,107
the kills,116
blondie,166
uriah heep,288
slade,221
manic street preachers,275
the who,257
hey monday,30
for all those sleeping,43
renato russo,31
cream,83
miles kane,52
dan auerbach,33
sound of june,4
oficina g3,6
pink floyd,188
the byrds,159
massacration,34
blessthefall,92
alice in chains,129
kiss,299
hoobastank,127
train,143
fleetwood mac,275
chris isaak,149
missing takes,15
paul gilbert,76
glasvegas,20
ultraje a rigor,15
the cure,283
the beatles,342
alanis morissette,203
ryan adams,234
dance of days,14
narinas,13
supercombo,1
janis joplin,138
buffalo springfield,47
system of a down,125
soul asylum,151
the melties,6
big star,61
beeshop,55
eric clapton,425
primal scream,120
the maine,142
meredith brooks,66
sarah mclachlan,148
the raconteurs,38
new model army,194
banda sum,8
keane,129
elvis presley,771
ted nugent,38
the used,128
the vines,90
him,133
lynyrd skynyrd,189
david bowie,457
marianne faithfull,246
explosions in the sky,1
kaiser chiefs,132
bring me the horizon,114
purple eyed raven,3
the strokes,106
resgate,3
endeverafter,11
u2,343
audioslave,73
the smiths,98
queen,246
simple plan,116
a day to remember,106
rude,2
lou reed,240
cw7,3
the whales,3
cinema bizarre,45
evanescence,125
sonic youth,247
fireflight,93
red light dc,8
goo goo dolls,189
the million dollar quartet,7
eternal alliance,1
mindflow,57
lcd soundsystem,49
raul seixas,35
arctic monkeys,152
velvet underground,98
souls of rage,6
rpm,3
scalene,2
the bravery,51
falling in reverse,85
funeral for a friend,120
adam albuquerque,1
lulu santos,12
anberlin,115
alice cooper,332
johnny marr,51
kansas,144
rainbow,92
korn,243
rise against,151
pavement,114
everclear,146
fireheat,1
red hot chili peppers,280
inxs,342
the vaccines,74
switchfoot,202
3 doors down,116
bumblefoot,76
rodox,3
metallica,198
arthur brown,2
foo fighters,193
garbage,154
the jam,109
dog eat dog,45
slipknot,134
stone breeze,9
marcelo nova,2
mortiis,31
black veil brides,108
my ghostly cathy,3
gustavo goulart,8
rod stewart,460
charge,7
blowdrivers,4
the dead weather,36
jars of clay,174
stereophonics,183
suspense,1
elbow,112
seether,129
the trashmen,6
stevie nicks,148
theory of a deadman,93
chal,6
rosa de saron,4
kt tunstall,130
patti smith,157
fiona apple,90
aerosmith,266
small faces,48
noel gallagher,70
hollywood undead,124
phoenix,83
jimmy eat world,163
chris richardson,8
natalie merchant,128
the maccabees,55
breaking benjamin,101
franz ferdinand,110
zz top,197
silverchair,114
onerepublic,108
misfits,162
my morning jacket,100
nightwish,140
the ed sons,8
billy squier,91
gram parsons,27
sleeping with sirens,95
tarja turunen,110
the offspring,165
stray cats,113
bleach,72
the cult,159
4 non blondes,24
gorillaz,296
yves klein blue,6
gloria,4
scorpions,265
the police,85
deftones,165
marillion,197
the kooks,148
skid row,110
the gathering,127
van morrison,510
autoramas,2
van halen,149
angra,138
placebo,172
paramore,139
lonsdale boys club,4
thirty seconds to mars,107
12 stones,100
saliva,98
bush,145
ritchie valens,12
extreme,85
survivor,112
am,10
jesus generation,1
amy lee,45
the red jumpsuit apparatus,99
savages,27
pat benatar,144
jet,65
los hermanos,1
rising heart,1
paul mccartney,447
gene summers,19
stone sour,147
ronnie von,1
cazuza,1
the hives,103
dona mag,1
needtobreathe,103
ben kweller,73
teenage fanclub,154
eyes set to kill,73
john lennon,154
dying kingdom,10
nickelback,138
steve earle,253
superdrive,20
within temptation,152
boogarins,3
golden duck orchestra,5
marilyn manson,226
alejandro escovedo,24
charlie brown jr,3
band of horses,74
santana,188
avenged sevenfold,135
simple minds,177
the band,208
bob dylan,559
chris cornell,103
the verve,98
mamilo mandala,10
lucas ray exp,5
daughtry,103
steven tyler,35
rascal experience,14
alesana,100
poets of the fall,111
johnny winter,131
cruithne band,5
jerry lee lewis,204
the rasmus,140
mamonas assassinas,2
the flaming lips,186
the animals,110
bryan adams,244
jimi hendrix,143
cowboy junkies,162
eddie cochran,29
dave edmunds,14
marino scheid,2
michael kiske,59
dawes,35
ozzy osbourne,196
papa roach,176
black sabbath,208
bon jovi,374
james morrison,97
tokio hotel,84
heart,169
elvis costello,499
capital inicial,2
saint pradier,1
sheryl crow,164
dido,114
neil young,513
yellowcard,158
disperse,18
rodrigo lamore,5
iron weasel,23
toby mac,125
flyleaf,114
good charlotte,145
falling up,66
chantal kreviazuk,84
low,144
the jesus and mary chain,157
morrissey,259
lifehouse,332
serj tankian,79
led zeppelin,114
hollywood rose,11
acid tree,5
dirty pretty things,30
dire straits,88
weezer,261
danko jones,73
the doors,158
killing joke,129
velhas virgens,1
the minimalistas,10
snow patrol,152
malta,4
the donnas,138
vampire weekend,64
kings of leon,125
septembre,6
creedence clearwater revival,90
love,59
limp bizkit,152
alex turner,6
disturbed,148
propagnda,1
black ties,2
planet hemp,3
faith no more,119
cpm 22,1
neutral milk hotel,68
wolfmother,49
megadeth,212
frejat,2
bruce springsteen,502
deerhunter,57
third day,197
puddle of mudd,86
greta van fleet,37
no doubt,142
staind,122
iron maiden,210
flying burrito brothers,47
whitesnake,169
thousand foot krutch,134
cheap trick,193
bad religion,297
green day,257
esquerita,1
little richard,67
tenacious d,114
electronic,47
buddy knox,6
counting crows,144
warren zevon,156
megaira,1
billy burnette,49
matanza,24
eddie vedder,50
rollercoaster band,8
ricky nelson,167
agnela,2
soundgarden,142
asking alexandria,101
the automatic,40
men at work,56
pull down,1
oasis,185
the panic channel,13
imagine dragons,137
viktor hiugo,14
my chemical romance,119
three days grace,110
kasabian,106
the cab,124
paulo medeiros,2
johnny rivers,185
in the dark,8
escape the fate,113
badfinger,122
nevilton,1
falling sets fire,2
the calling,60
sum 41,126
the pretty reckless,99
pearl jam,234
pato fu,16
skank,8
naruto,21
blur,197
less than jake,215
vitor de martinelli,1
scott stapp,43
libra,3
311,217
demon hunter,99
taking back sunday,110
bullet for my valentine,118
russell allen,26
adrian suirady,3
scars on broadway,40
coheed and cambria,122
beck,331
moptop,4
esteban,12
the cranberries,147
grand funk railroad,134
nirvana,147
sublime with rome,14
pitty,8
all time low,142
alter bridge,99
skillet,151
fresno,1
vanguart,37
avril lavigne,324
carbona,61
echo and the bunnymen,121
rush,194
shinedown,108
freddie mercury,156
michelle branch,99
rage against the machine,91
jimmy breedlove,8
buddy holly,63
the veronicas,122
o surto,1
ian dury and the blockheads,127
the black keys,152
muse,163
lenny kravitz,212
forty deuce,11
audrye sessions,8
forestside,7
isabella taviani,17
mgmt,80
to have heroes,5
berlin,117
yes,197
rammstein,49
biosystem 55,4
barlowgirl,84
journey,184
beady eye,35
epica,127
dead fish,13
red,89
creed,82
the lemonheads,138
andi deris,44
like a boss,3
incubus,151
rita lee,17
wilco,189
linkin park,236
erro 061,1
filanos,4
